{
  "device": "cpu",
  "obs_dim": 39,
  "n_trials": 500,
  "single_mlp": {
    "mean_ms": 0.05864646681584418,
    "std_ms": 0.01694785818409744,
    "p50_ms": 0.05168249481357634,
    "p95_ms": 0.08726719534024595,
    "n_trials": 500
  },
  "mc_dropout": {
    "T=1": {
      "mean_ms": 0.20495752396527678,
      "std_ms": 0.04089806699501663,
      "p50_ms": 0.18434348748996854,
      "p95_ms": 0.29266233323141927,
      "p99_ms": 0.35805919498670835,
      "min_ms": 0.17588998889550567,
      "max_ms": 0.4206859739497304,
      "n_trials": 500
    },
    "T=5": {
      "mean_ms": 0.5667514291126281,
      "std_ms": 0.08469469024968766,
      "p50_ms": 0.5466019792947918,
      "p95_ms": 0.7156140578445046,
      "p99_ms": 0.8397514239186421,
      "min_ms": 0.49033702816814184,
      "max_ms": 1.3358519645407796,
      "n_trials": 500
    },
    "T=10": {
      "mean_ms": 1.0901578662451357,
      "std_ms": 0.1291193827176641,
      "p50_ms": 1.0668604809325188,
      "p95_ms": 1.3177972461562604,
      "p99_ms": 1.5667427255539224,
      "min_ms": 0.910178991034627,
      "max_ms": 1.9761900184676051,
      "n_trials": 500
    },
    "T=15": {
      "mean_ms": 1.6063749567838386,
      "std_ms": 0.21786048413786138,
      "p50_ms": 1.5434310189448297,
      "p95_ms": 2.034435811219737,
      "p99_ms": 2.395984751638025,
      "min_ms": 1.3081810320727527,
      "max_ms": 2.7934369863942266,
      "n_trials": 500
    },
    "T=20": {
      "mean_ms": 2.122922725160606,
      "std_ms": 0.724093952128607,
      "p50_ms": 1.9540979992598295,
      "p95_ms": 3.039706492563709,
      "p99_ms": 4.595638569444412,
      "min_ms": 1.7489710007794201,
      "max_ms": 13.268347014673054,
      "n_trials": 500
    },
    "T=30": {
      "mean_ms": 2.8797176025109366,
      "std_ms": 0.2772126855514591,
      "p50_ms": 2.8137704939581454,
      "p95_ms": 3.3161157363792877,
      "p99_ms": 3.863851617788894,
      "min_ms": 2.5723989820107818,
      "max_ms": 5.843628023285419,
      "n_trials": 500
    },
    "T=50": {
      "mean_ms": 4.707708089146763,
      "std_ms": 0.37558510187987887,
      "p50_ms": 4.612348013324663,
      "p95_ms": 5.379236303269862,
      "p99_ms": 6.2884776532882825,
      "min_ms": 4.286297014914453,
      "max_ms": 7.545255997683853,
      "n_trials": 500
    }
  },
  "ensemble_N5": {
    "mean_ms": 0.3972272202372551,
    "std_ms": 0.09105962160369137,
    "p50_ms": 0.3707860014401376,
    "p95_ms": 0.5668420926667748,
    "p99_ms": 0.6412133394042027,
    "n_trials": 500
  }
}